frame,steering_angle,label
frame_00000.jpg,90,center
frame_00001.jpg,90,center
frame_00002.jpg,90,center
frame_00003.jpg,90,center
frame_00004.jpg,90,center
frame_00005.jpg,90,center
frame_00006.jpg,90,center
frame_00007.jpg,90,center
frame_00008.jpg,90,center
frame_00009.jpg,90,center
frame_00010.jpg,90,center
frame_00011.jpg,120,right
frame_00012.jpg,150,right
frame_00013.jpg,150,right
frame_00014.jpg,150,right
frame_00015.jpg,150,right
frame_00016.jpg,150,right
frame_00017.jpg,150,right
frame_00018.jpg,150,right
frame_00019.jpg,150,right
frame_00020.jpg,150,right
frame_00021.jpg,120,right
frame_00022.jpg,120,right
frame_00023.jpg,120,right
frame_00024.jpg,120,right
frame_00025.jpg,90,center
frame_00026.jpg,90,center
frame_00027.jpg,90,center
frame_00028.jpg,90,stop
frame_00029.jpg,90,stop
frame_00030.jpg,90,stop
frame_00031.jpg,90,stop
